website,name
http://doulas.club/carla-ferro,doulas.club
http://ephesusbreeze.com/ephesus/tours/kusadasi-ephesus-fullday,ephesusbreeze.com
http://europeanhairtransplant.se/about/drsaifi.aspx,europeanhairtransplant.se
http://holidayplace.co.uk/about/customer-feedback,holidayplace.co.uk
http://southernafricatravel.com/destination/south_africa/cape_town_peninsula/,southernafricatravel.com
http://reviews.ctswholesalesunglasses.com/,reviews.ctswholesalesunglasses.com
http://fr.voyagepedia.org/voyage-seychelles,fr.voyagepedia.org
http://usinsurancenet.com/reviews/progressive/,usinsurancenet.com
http://www.imamuseum.org/art/collections/artwork/roman-capriccio-pantheon-and-other-monuments-panini-giovanni-paolo,www.imamuseum.org
http://lawrencewoodman.github.io/mida/news/,lawrencewoodman.github.io
http://d.lib.ncsu.edu/collections/catalog/mc00383-001-ff0004-001-001_0004,d.lib.ncsu.edu
http://norgeskatalogen.no/bedrift/Raimus%20Maler%20og%20T%F8mrer%20Service/996800555/Maler_H%E5ndverker_T%F8mrer_Oppussing_Snekker,norgeskatalogen.no
